{"cameraMode":{"drawMode":0,"name":"Shaded","section":"Shading Mode"},"sceneLighting":false,"audioPlay":false,"sceneViewState":{"m_AlwaysRefresh":false,"showFog":true,"showSkybox":false,"showFlares":true,"showImageEffects":true,"showParticleSystems":true,"showVisualEffectGraphs":true,"m_FxEnabled":true},"in2DMode":false,"pivot":{"x":0.005393534898757935,"y":-0.014314651489257813,"z":0.0004214644432067871},"rotation":{"x":0.0055981772020459179,"y":-0.991522490978241,"z":0.12243790924549103,"w":0.044777076691389087},"size":0.9494820833206177,"orthographic":false}