{"cameraMode":{"drawMode":0,"name":"Shaded","section":"Shading Mode"},"sceneLighting":true,"audioPlay":false,"sceneViewState":{"m_AlwaysRefresh":false,"showFog":true,"showSkybox":true,"showFlares":true,"showImageEffects":true,"showParticleSystems":true,"showVisualEffectGraphs":true,"m_FxEnabled":true},"in2DMode":false,"pivot":{"x":1.342310905456543,"y":-7.454980373382568,"z":8.128999710083008},"rotation":{"x":0.2613907754421234,"y":0.00488906167447567,"z":-0.0013638660311698914,"w":0.9652932286262512},"size":11.867788314819336,"orthographic":false}