{"cameraMode":{"drawMode":0,"name":"Shaded","section":"Shading Mode"},"sceneLighting":false,"audioPlay":false,"sceneViewState":{"m_AlwaysRefresh":false,"showFog":true,"showSkybox":false,"showFlares":true,"showImageEffects":true,"showParticleSystems":true,"showVisualEffectGraphs":true,"m_FxEnabled":true},"in2DMode":false,"pivot":{"x":-0.0005486011505126953,"y":-0.010496266186237336,"z":-0.0000054836273193359379},"rotation":{"x":-0.4324215054512024,"y":0.07927074283361435,"z":-0.038198474794626239,"w":-0.8973692059516907},"size":0.7084135413169861,"orthographic":false}